AB,atom_A,atom_B,structure,vol_pfu,delta_H,gap
BHf,B,Hf,s1,26.94,0.34,0.00
OsEr,Os,Er,s1,38.34,-0.15,0.00
NdDy,Nd,Dy,s1,67.76,0.20,0.00
CaTb,Ca,Tb,s1,71.50,0.34,0.00
BAl,B,Al,s1,21.54,1.65,0.00
MoAu,Mo,Au,s1,33.76,1.15,0.00
ClCd,Cl,Cd,s1,48.55,-0.61,0.00
ZrAg,Zr,Ag,s1,40.78,0.03,0.00
MnNi,Mn,Ni,s1,21.72,1.12,0.00
CeLu,Ce,Lu,s1,67.22,0.14,0.00
BiMn,Bi,Mn,s1,43.79,1.02,0.00
ClMn,Cl,Mn,s1,32.22,0.26,0.00
InCu,In,Cu,s1,35.97,0.65,0.00
OW,O,W,s1,22.43,0.81,0.00
FeTa,Fe,Ta,s1,28.58,-0.21,0.00
LiRh,Li,Rh,s1,24.40,0.11,0.00
CaCd,Ca,Cd,s1,57.17,-0.76,0.00
WPm,W,Pm,s1,45.30,2.18,0.00
BeDy,Be,Dy,s1,39.50,0.22,0.00
CsNd,Cs,Nd,s1,101.29,1.83,0.00
RuHo,Ru,Ho,s1,38.59,-0.66,0.00
NiRu,Ni,Ru,s1,24.81,0.85,0.00
InCr,In,Cr,s1,37.87,0.92,0.00
GaCd,Ga,Cd,s1,43.61,0.12,0.00
RbCa,Rb,Ca,s1,64.14,-3.69,4.75
BeEr,Be,Er,s1,38.44,0.16,0.00
IrNd,Ir,Nd,s1,44.30,-1.06,0.00
TiNd,Ti,Nd,s1,49.55,0.81,0.00
AsGd,As,Gd,s1,46.81,-2.12,0.00
BrTb,Br,Tb,s1,47.21,-1.56,0.00
AlTb,Al,Tb,s1,47.33,-0.80,0.00
MgRu,Mg,Ru,s1,30.46,0.53,0.00
AsW,As,W,s1,30.56,0.59,0.00
NiHg,Ni,Hg,s1,31.45,0.75,0.00
BrZr,Br,Zr,s1,40.97,-0.19,0.00
MoSm,Mo,Sm,s1,44.96,1.45,0.00
YAg,Y,Ag,s1,48.56,-0.70,0.00
NbIr,Nb,Ir,s1,32.86,-0.41,0.00
ZnAg,Zn,Ag,s1,32.42,0.08,0.00
VOs,V,Os,s1,27.39,-0.35,0.00
NaBr,Na,Br,s1,51.70,-2.89,2.91
OsTb,Os,Tb,s1,39.76,0.08,0.00
FAg,F,Ag,s1,27.91,-1.86,0.00
GaV,Ga,V,s1,28.44,0.12,0.00
InSm,In,Sm,s1,56.55,-0.99,0.00
CuEu,Cu,Eu,s1,44.24,-0.04,0.00
AsAu,As,Au,s1,37.61,0.58,0.00
GeMo,Ge,Mo,s1,30.68,0.25,0.00
AsAg,As,Ag,s1,38.10,0.55,0.00
BrCr,Br,Cr,s1,44.25,0.79,0.00
SiDy,Si,Dy,s1,43.91,-0.83,0.00
CoLa,Co,La,s1,42.98,0.13,0.00
NIr,N,Ir,s1,20.72,-1.81,0.00
KRe,K,Re,s1,56.60,8.44,4.79
TaPm,Ta,Pm,s1,48.00,1.59,0.00
OTi,O,Ti,s1,18.53,-3.92,0.00
CaZr,Ca,Zr,s1,57.70,1.24,0.00
FZn,F,Zn,s1,26.43,-1.73,0.00
GeEr,Ge,Er,s1,45.42,-1.17,0.00
CaCe,Ca,Ce,s1,78.10,0.16,0.00
LiNb,Li,Nb,s1,30.75,1.31,0.00
YMo,Y,Mo,s1,43.64,1.30,0.00
CoPm,Co,Pm,s1,40.22,0.04,0.00
BiCu,Bi,Cu,s1,43.32,1.01,0.00
TlPm,Tl,Pm,s1,58.63,-0.74,0.00
SrTl,Sr,Tl,s1,70.18,-0.84,0.00
TiZn,Ti,Zn,s1,31.32,-0.15,0.00
NbAg,Nb,Ag,s1,36.19,1.09,0.00
BiCo,Bi,Co,s1,38.15,1.11,0.00
NaTl,Na,Tl,s1,51.70,-2.30,2.91
TbDy,Tb,Dy,s1,64.71,0.26,0.00
BeRh,Be,Rh,s1,21.34,-1.20,0.00
PbHg,Pb,Hg,s1,56.62,0.05,0.00
BeSm,Be,Sm,s1,42.33,0.35,0.00
BrY,Br,Y,s1,47.20,-1.54,0.00
RhW,Rh,W,s1,30.49,0.79,0.00
SeOs,Se,Os,s1,30.80,1.69,0.00
NbRu,Nb,Ru,s1,31.91,-0.34,0.00
MgCe,Mg,Ce,s1,61.24,-0.24,0.00
NaSi,Na,Si,s1,51.70,0.90,2.91
PmTm,Pm,Tm,s1,64.92,0.15,0.00
CsAg,Cs,Ag,s1,93.10,0.13,0.00
SePm,Se,Pm,s1,47.83,-3.23,0.00
BiO,Bi,O,s1,33.06,-0.49,0.00
FePr,Fe,Pr,s1,41.38,1.18,0.00
BaYb,Ba,Yb,s1,101.57,0.05,0.00
PDy,P,Dy,s1,41.57,-2.14,0.00
SnYb,Sn,Yb,s1,56.65,-1.16,0.00
ScLu,Sc,Lu,s1,54.25,0.31,0.00
GaTa,Ga,Ta,s1,33.18,0.22,0.00
NiTc,Ni,Tc,s1,25.35,0.87,0.00
BaCu,Ba,Cu,s1,62.36,0.51,0.00
VTm,V,Tm,s1,44.82,0.88,0.00
OCd,O,Cd,s1,25.44,-1.28,0.00
MnFe,Mn,Fe,s1,21.98,0.41,0.00
LiF,Li,F,s1,16.83,-5.34,7.46
LiCl,Li,Cl,s1,35.62,-3.07,4.35
LiBr,Li,Br,s1,44.33,-2.55,3.03
LiI,Li,I,s1,58.92,-1.84,2.26
NaF,Na,F,s1,52.27,-2.73,2.89
NaCl,Na,Cl,s1,51.80,-2.69,2.91
NaBr,Na,Br,s1,51.70,-2.89,2.91
NaI,Na,I,s1,52.27,-3.01,2.89
KF,K,F,s1,56.78,-3.82,4.78
KCl,K,Cl,s1,56.78,-3.78,4.78
KBr,K,Br,s1,56.78,-3.98,4.78
KI,K,I,s1,56.78,-4.10,4.78
RbF,Rb,F,s1,64.33,-3.84,4.74
RbCl,Rb,Cl,s1,64.43,-3.79,4.73
RbBr,Rb,Br,s1,64.33,-3.99,4.74
RbI,Rb,I,s1,64.43,-4.11,4.73
CsF,Cs,F,s1,50.44,-5.11,5.97
CsCl,Cs,Cl,s1,74.57,-3.86,4.99
CsBr,Cs,Br,s1,84.06,-3.54,4.27
CsI,Cs,I,s1,101.47,-3.07,3.68
FCu,F,Cu,s1,21.82,-1.11,0.00
FAg,F,Ag,s1,27.91,-1.86,0.00
ClCu,Cl,Cu,s1,32.97,0.45,0.00
ClAg,Cl,Ag,s1,40.41,-0.57,0.57
ClAu,Cl,Au,s1,40.05,0.71,0.00
BrCu,Br,Cu,s1,39.09,0.86,0.00
BrAg,Br,Ag,s1,46.75,-0.27,0.09
BrAu,Br,Au,s1,45.60,0.89,0.00
ICu,I,Cu,s1,49.21,1.48,0.00
IAg,I,Ag,s1,57.23,0.24,0.00
IAu,I,Au,s1,53.07,1.19,0.00
BeS,Be,S,s1,25.05,0.91,0.00
BeSe,Be,Se,s1,29.88,1.11,0.00
BeTe,Be,Te,s1,37.85,1.53,0.00
MgO,Mg,O,s1,18.74,-3.97,2.29
MgS,Mg,S,s1,35.03,-1.61,0.00
MgSe,Mg,Se,s1,40.88,-1.34,0.00
MgTe,Mg,Te,s1,51.40,-0.67,0.00
CaO,Ca,O,s1,25.40,-4.98,2.77
CaS,Ca,S,s1,42.67,-3.57,1.35
CaSe,Ca,Se,s1,49.03,-3.37,0.80
CaTe,Ca,Te,s1,60.32,-2.68,0.14
SrO,Sr,O,s1,31.19,-4.67,2.76
SrS,Sr,S,s1,49.60,-3.70,1.81
SrSe,Sr,Se,s1,56.02,-3.59,1.36
SrTe,Sr,Te,s1,68.30,-3.01,0.47
BaO,Ba,O,s1,38.47,-4.30,1.73
BaS,Ba,S,s1,57.81,-3.73,1.48
BaSe,Ba,Se,s1,64.79,-3.70,1.22
BaTe,Ba,Te,s1,77.97,-3.25,0.80
SnO,Sn,O,s1,30.32,-1.12,0.00
SnS,Sn,S,s1,44.93,-0.29,0.00
SnSe,Sn,Se,s1,49.72,-0.38,0.00
SnTe,Sn,Te,s1,58.77,-0.11,0.00
PbO,Pb,O,s1,32.59,-1.37,0.25
PbS,Pb,S,s1,48.52,-0.60,0.00
PbSe,Pb,Se,s1,53.75,-0.68,0.00
PbTe,Pb,Te,s1,63.40,-0.37,0.00
OZn,O,Zn,s1,19.51,-1.30,0.00
OCd,O,Cd,s1,25.44,-1.28,0.00
OHg,O,Hg,s1,27.67,0.34,0.00
SZn,S,Zn,s1,32.63,0.46,0.00
SCd,S,Cd,s1,39.92,-0.03,0.00
SHg,S,Hg,s1,41.68,1.05,0.00
SeZn,Se,Zn,s1,37.81,0.43,0.00
SeCd,Se,Cd,s1,44.96,-0.09,0.00
SeHg,Se,Hg,s1,47.09,0.72,0.00
TeZn,Te,Zn,s1,46.08,0.57,0.00
TeCd,Te,Cd,s1,54.41,0.13,0.00
TeHg,Te,Hg,s1,55.29,0.49,0.00
BN,B,N,s1,12.54,-0.21,0.00
BAs,B,As,s1,25.27,3.01,0.00
BSb,B,Sb,s1,32.66,3.02,0.00
BBi,B,Bi,s1,37.98,3.17,0.00
AlP,Al,P,s1,30.46,0.26,0.00
AlAs,Al,As,s1,35.71,0.27,0.00
AlSb,Al,Sb,s1,45.10,0.45,0.00
AlBi,Al,Bi,s1,51.13,0.56,0.00
GaP,Ga,P,s1,33.22,0.62,0.00
GaAs,Ga,As,s1,37.85,0.33,0.00
GaSb,Ga,Sb,s1,47.04,0.25,0.00
GaBi,Ga,Bi,s1,51.85,0.21,0.00
InN,In,N,s1,26.18,-2.92,0.00
InP,In,P,s1,41.52,0.72,0.00
InAs,In,As,s1,45.56,0.32,0.00
InSb,In,Sb,s1,55.19,0.18,0.00
InBi,In,Bi,s1,59.30,0.10,0.00
TlN,Tl,N,s1,31.31,-1.76,0.00
TlP,Tl,P,s1,46.12,1.19,0.00
TlAs,Tl,As,s1,49.98,0.64,0.00
TlSb,Tl,Sb,s1,59.65,0.34,0.00
TlBi,Tl,Bi,s1,62.88,0.17,0.00
CSi,C,Si,s1,18.49,3.74,0.00
CGe,C,Ge,s1,23.44,4.23,0.00
CSn,C,Sn,s1,29.81,4.11,0.00
SiGe,Si,Ge,s1,34.15,1.01,0.00
SiSn,Si,Sn,s1,42.51,0.94,0.00
GeSn,Ge,Sn,s1,46.64,0.43,0.00
SnZn,Sn,Zn,s1,44.47,0.45,0.00
GaCo,Ga,Co,s1,23.66,-0.64,0.00
VCr,V,Cr,s1,24.60,-0.09,0.00
CuAu,Cu,Au,s1,29.99,0.27,0.00
BiSn,Bi,Sn,s1,59.42,0.20,0.00
CuNi,Cu,Ni,s1,22.85,0.85,0.00
NiCo,Ni,Co,s1,21.08,0.57,0.00
FeCr,Fe,Cr,s1,21.65,0.44,0.00
NaK,Na,K,s1,51.80,-3.48,2.91
FeNi,Fe,Ni,s1,21.34,1.08,0.00
PdFe,Pd,Fe,s1,23.51,0.19,0.00
CeCo,Ce,Co,s1,44.08,0.22,0.00
CrW,Cr,W,s1,27.64,-0.05,0.00
AlNi,Al,Ni,s1,24.17,-1.02,0.00
NiMg,Ni,Mg,s1,28.00,0.01,0.00
CrNi,Cr,Ni,s1,22.06,0.43,0.00
MgMn,Mg,Mn,s1,33.86,0.65,0.00
NaLi,Na,Li,s1,57.65,0.11,0.00
KLi,K,Li,s1,90.46,0.35,0.00
ZrHo,Zr,Ho,s2,57.66,1.97,0.00
NP,N,P,s2,20.48,-2.99,1.20
ClNd,Cl,Nd,s2,48.57,-2.45,0.00
AgPm,Ag,Pm,s2,58.88,-0.09,0.00
TeSc,Te,Sc,s2,51.23,-2.12,0.00
PbCu,Pb,Cu,s2,44.28,1.07,0.00
CsBe,Cs,Be,s2,106.05,2.71,0.00
YRu,Y,Ru,s2,44.08,0.77,0.00
TlMn,Tl,Mn,s2,44.65,1.47,0.00
BaRe,Ba,Re,s2,71.63,4.63,0.00
ScYb,Sc,Yb,s2,64.16,1.65,0.00
CaFe,Ca,Fe,s2,51.72,2.18,0.00
ZrNd,Zr,Nd,s2,61.30,1.95,0.00
SbCe,Sb,Ce,s2,68.62,-2.41,0.30
ScAg,Sc,Ag,s2,45.85,0.16,0.00
TcPd,Tc,Pd,s2,35.27,2.32,0.00
CaSb,Ca,Sb,s2,65.84,-1.28,0.00
MgI,Mg,I,s2,67.59,-0.63,0.00
GaAu,Ga,Au,s2,39.24,-0.41,0.00
ZrYb,Zr,Yb,s2,58.29,2.39,0.00
SbRh,Sb,Rh,s2,39.83,-0.20,0.00
SmDy,Sm,Dy,s2,69.00,1.43,0.00
SnW,Sn,W,s2,42.55,2.87,0.00
BeAl,Be,Al,s2,29.77,1.41,0.00
NiY,Ni,Y,s2,43.00,-0.13,0.00
CaBr,Ca,Br,s2,56.73,-2.38,0.00
NaTa,Na,Ta,s2,54.05,9.47,4.10
TlTa,Tl,Ta,s2,46.14,2.49,0.00
SbYb,Sb,Yb,s2,64.57,-1.29,0.00
BeMg,Be,Mg,s2,36.27,1.71,0.00
CuTm,Cu,Tm,s2,45.48,0.26,0.00
GaY,Ga,Y,s2,52.00,-0.60,0.00
ScPm,Sc,Pm,s2,63.54,1.50,0.00
BaGd,Ba,Gd,s2,90.42,1.63,0.00
SrTb,Sr,Tb,s2,87.39,1.73,0.00
CBi,C,Bi,s2,33.84,3.37,0.00
CdHo,Cd,Ho,s2,58.87,0.02,0.00
WHg,W,Hg,s2,41.71,3.81,0.00
NEu,N,Eu,s2,31.72,-8.34,0.06
InHf,In,Hf,s2,49.69,0.81,0.00
AlLu,Al,Lu,s2,51.21,0.31,0.00
EuLu,Eu,Lu,s2,67.77,1.52,0.00
NdHo,Nd,Ho,s2,68.60,1.36,0.00
SrNd,Sr,Nd,s2,88.46,1.52,0.00
ClIr,Cl,Ir,s2,32.93,2.75,0.00
AlC,Al,C,s2,19.46,0.98,0.00
RbGa,Rb,Ga,s2,75.25,-2.84,4.83
SnTa,Sn,Ta,s2,45.04,1.43,0.00
CrPm,Cr,Pm,s2,56.30,1.92,0.00
SbHf,Sb,Hf,s2,48.96,-0.61,0.00
BiCd,Bi,Cd,s2,59.64,0.19,0.00
CdEr,Cd,Er,s2,58.14,0.03,0.00
TcCe,Tc,Ce,s2,51.40,2.22,0.00
VY,V,Y,s2,52.30,2.21,0.00
GeCl,Ge,Cl,s2,49.53,0.25,0.00
TaTm,Ta,Tm,s2,51.33,3.00,0.00
CaGd,Ca,Gd,s2,77.13,1.47,0.00
GaCe,Ga,Ce,s2,61.55,-0.51,0.00
BaHg,Ba,Hg,s2,89.90,-0.80,0.00
BiZr,Bi,Zr,s2,54.13,-0.30,0.00
LiRu,Li,Ru,s2,25.02,2.10,0.00
BrPd,Br,Pd,s2,41.55,0.14,0.00
BSm,B,Sm,s2,41.40,0.94,0.00
HfPt,Hf,Pt,s2,40.82,-1.72,0.00
PbF,Pb,F,s2,41.81,-2.76,0.00
SrLa,Sr,La,s2,90.42,1.40,0.00
HgYb,Hg,Yb,s2,60.87,-1.02,0.00
BeCa,Be,Ca,s2,52.62,1.45,0.00
TlHo,Tl,Ho,s2,60.29,-0.04,0.00
KTb,K,Tb,s2,65.17,-1.21,5.04
IPm,I,Pm,s2,64.14,-1.22,0.00
IRe,I,Re,s2,42.96,4.31,0.00
TcTm,Tc,Tm,s2,43.63,1.71,0.00
AsI,As,I,s2,58.68,1.06,0.00
LiF,Li,F,s2,16.88,-5.97,8.79
LiCl,Li,Cl,s2,34.18,-3.64,6.26
LiBr,Li,Br,s2,41.90,-3.10,4.91
LiI,Li,I,s2,54.61,-2.40,4.24
NaF,Na,F,s2,54.05,-3.05,4.10
NaCl,Na,Cl,s2,54.05,-3.00,4.10
NaBr,Na,Br,s2,54.05,-3.21,4.10
NaI,Na,I,s2,54.05,-3.32,4.10
KF,K,F,s2,65.17,-3.98,5.04
KCl,K,Cl,s2,65.17,-3.93,5.04
KBr,K,Br,s2,65.17,-4.14,5.04
KI,K,I,s2,65.17,-4.25,5.04
RbF,Rb,F,s2,75.25,-3.96,4.83
RbCl,Rb,Cl,s2,75.25,-3.91,4.83
RbBr,Rb,Br,s2,75.25,-4.12,4.83
RbI,Rb,I,s2,75.25,-4.23,4.83
CsF,Cs,F,s2,57.08,-5.33,5.27
CsCl,Cs,Cl,s2,88.61,-3.95,4.83
CsBr,Cs,Br,s2,101.08,-3.62,4.26
CsI,Cs,I,s2,121.48,-3.14,3.86
FCu,F,Cu,s2,24.15,-1.25,0.00
FAg,F,Ag,s2,31.64,-1.95,0.00
FAu,F,Au,s2,32.07,-0.41,0.00
ClCu,Cl,Cu,s2,33.98,-0.06,0.25
ClAg,Cl,Ag,s2,44.10,-0.85,0.92
ClAu,Cl,Au,s2,43.64,0.43,0.00
BrCu,Br,Cu,s2,39.47,0.21,0.11
BrAg,Br,Ag,s2,49.80,-0.65,0.69
BrAu,Br,Au,s2,48.56,0.41,0.00
ICu,I,Cu,s2,47.24,0.51,0.00
IAg,I,Ag,s2,58.32,-0.37,0.72
IAu,I,Au,s2,55.03,0.34,0.00
BeO,Be,O,s2,12.15,-4.59,8.16
BeS,Be,S,s2,24.80,-0.99,1.00
BeSe,Be,Se,s2,29.83,-0.49,0.05
BeTe,Be,Te,s2,38.54,0.30,0.00
MgO,Mg,O,s2,19.16,-5.48,4.49
MgS,Mg,S,s2,35.63,-2.86,2.75
MgSe,Mg,Se,s2,41.68,-2.47,1.75
MgTe,Mg,Te,s2,53.28,-1.61,0.43
CaO,Ca,O,s2,28.30,-5.96,3.64
CaS,Ca,S,s2,46.76,-4.31,2.38
CaSe,Ca,Se,s2,53.08,-4.05,2.08
CaTe,Ca,Te,s2,65.51,-3.30,1.56
SrO,Sr,O,s2,35.29,-5.51,3.29
SrS,Sr,S,s2,55.74,-4.30,2.50
SrSe,Sr,Se,s2,62.59,-4.13,2.23
SrTe,Sr,Te,s2,76.05,-3.49,1.77
BaO,Ba,O,s2,44.24,-4.99,2.10
BaS,Ba,S,s2,67.34,-4.17,2.16
BaSe,Ba,Se,s2,74.70,-4.10,1.95
BaTe,Ba,Te,s2,89.07,-3.58,1.60
SnO,Sn,O,s2,33.15,-1.77,1.01
SnS,Sn,S,s2,49.65,-0.81,0.54
SnSe,Sn,Se,s2,55.21,-0.87,0.52
SnTe,Sn,Te,s2,65.51,-0.58,0.04
PbO,Pb,O,s2,35.84,-1.99,0.54
PbS,Pb,S,s2,53.99,-1.09,0.48
PbSe,Pb,Se,s2,59.82,-1.14,0.42
PbTe,Pb,Te,s2,70.56,-0.82,0.83
OZn,O,Zn,s2,20.44,-2.45,0.69
OCd,O,Cd,s2,27.36,-2.10,0.00
OHg,O,Hg,s2,30.13,-0.27,0.00
SZn,S,Zn,s2,33.29,-0.82,0.00
SCd,S,Cd,s2,41.69,-1.04,0.25
SHg,S,Hg,s2,43.41,0.11,0.00
SeZn,Se,Zn,s2,38.75,-0.64,0.00
SeCd,Se,Cd,s2,47.44,-0.99,0.00
SeHg,Se,Hg,s2,49.00,-0.07,0.00
TeZn,Te,Zn,s2,48.28,-0.17,0.00
TeCd,Te,Cd,s2,57.62,-0.60,0.00
TeHg,Te,Hg,s2,58.34,0.02,0.00
BN,B,N,s2,10.75,-4.13,1.32
BP,B,P,s2,19.72,1.50,0.00
BAs,B,As,s2,25.02,1.95,0.00
BSb,B,Sb,s2,32.18,2.09,0.00
BBi,B,Bi,s2,37.48,2.50,0.00
AlN,Al,N,s2,16.85,-7.69,4.42
AlP,Al,P,s2,32.49,-0.65,0.00
AlAs,Al,As,s2,37.10,-0.39,0.00
AlSb,Al,Sb,s2,47.90,0.18,0.00
AlBi,Al,Bi,s2,54.03,0.49,0.00
GaN,Ga,N,s2,19.56,-5.34,0.52
GaP,Ga,P,s2,34.62,0.06,0.00
GaAs,Ga,As,s2,39.76,0.01,0.00
GaSb,Ga,Sb,s2,49.52,0.13,0.00
GaBi,Ga,Bi,s2,54.44,0.22,0.00
InN,In,N,s2,26.38,-4.70,0.00
InP,In,P,s2,42.88,0.09,0.00
InAs,In,As,s2,47.96,-0.05,0.00
InSb,In,Sb,s2,59.10,0.09,0.00
InBi,In,Bi,s2,63.78,0.13,0.00
TlN,Tl,N,s2,31.22,-2.91,0.00
TlP,Tl,P,s2,48.17,0.91,0.00
TlAs,Tl,As,s2,53.02,0.53,0.00
TlSb,Tl,Sb,s2,63.30,0.43,0.00
TlBi,Tl,Bi,s2,67.29,0.36,0.00
CSi,C,Si,s2,16.87,1.06,0.00
CGe,C,Ge,s2,20.94,2.60,0.00
CSn,C,Sn,s2,27.19,2.57,0.00
SiGe,Si,Ge,s2,36.82,0.80,0.00
SiSn,Si,Sn,s2,45.91,0.78,0.00
GeSn,Ge,Sn,s2,49.61,0.35,0.00
AlTi,Al,Ti,s2,36.91,0.57,0.00
CuMg,Cu,Mg,s2,37.15,0.92,0.00
NiMo,Ni,Mo,s2,29.38,1.89,0.00
AlSc,Al,Sc,s2,45.20,0.32,0.00
CdPb,Cd,Pb,s2,60.68,0.28,0.00
PdPt,Pd,Pt,s2,36.00,1.07,0.00
AgAu,Ag,Au,s2,41.75,0.45,0.00
SnSb,Sn,Sb,s2,58.84,-0.02,0.00
PtFe,Pt,Fe,s2,31.78,0.97,0.00
CuAg,Cu,Ag,s2,34.58,1.22,0.00
PbSb,Pb,Sb,s2,64.32,0.17,0.00
SnCd,Sn,Cd,s2,55.58,0.25,0.00
NaK,Na,K,s2,54.05,-3.80,4.10
LiF,Li,F,s3,20.66,-5.95,7.67
LiCl,Li,Cl,s3,42.03,-3.69,5.97
LiBr,Li,Br,s3,51.33,-3.15,4.94
LiI,Li,I,s3,67.10,-2.48,4.38
NaF,Na,F,s3,71.97,-2.94,4.20
NaCl,Na,Cl,s3,71.97,-2.89,4.20
NaBr,Na,Br,s3,71.97,-3.10,4.20
NaI,Na,I,s3,71.97,-3.21,4.20
KF,K,F,s3,88.93,-3.79,4.72
KCl,K,Cl,s3,88.93,-3.75,4.72
KBr,K,Br,s3,88.93,-3.95,4.72
KI,K,I,s3,88.93,-4.06,4.72
RbF,Rb,F,s3,102.53,-3.77,4.48
RbCl,Rb,Cl,s3,102.53,-3.73,4.48
RbBr,Rb,Br,s3,102.53,-3.93,4.48
RbI,Rb,I,s3,102.53,-4.05,4.48
CsF,Cs,F,s3,70.95,-5.19,4.60
CsCl,Cs,Cl,s3,119.26,-3.78,4.34
CsBr,Cs,Br,s3,137.30,-3.44,3.99
CsI,Cs,I,s3,166.69,-2.96,3.74
FCu,F,Cu,s3,29.24,-1.26,0.00
FAg,F,Ag,s3,40.68,-1.81,0.21
FAu,F,Au,s3,41.65,-0.17,0.00
ClCu,Cl,Cu,s3,40.19,-0.41,0.54
ClAg,Cl,Ag,s3,55.48,-0.90,1.30
ClAu,Cl,Au,s3,54.53,0.30,0.00
BrCu,Br,Cu,s3,46.96,-0.14,0.46
BrAg,Br,Ag,s3,62.42,-0.73,1.14
BrAu,Br,Au,s3,61.13,0.26,0.00
ICu,I,Cu,s3,56.59,0.06,1.14
IAg,I,Ag,s3,72.53,-0.55,1.37
IAu,I,Au,s3,69.29,0.11,0.00
BeO,Be,O,s3,14.09,-5.55,7.40
BeS,Be,S,s3,29.06,-2.10,4.11
BeSe,Be,Se,s3,34.85,-1.56,3.39
BeTe,Be,Te,s3,45.67,-0.69,2.31
MgO,Mg,O,s3,24.38,-5.33,3.42
MgS,Mg,S,s3,46.17,-2.84,3.44
MgSe,Mg,Se,s3,53.82,-2.50,2.59
MgTe,Mg,Te,s3,68.90,-1.74,2.37
CaO,Ca,O,s3,33.48,-5.83,3.12
CaS,Ca,S,s3,56.71,-4.07,2.91
CaSe,Ca,Se,s3,64.68,-3.82,2.54
CaTe,Ca,Te,s3,80.31,-3.06,2.07
SrO,Sr,O,s3,41.55,-5.39,2.60
SrS,Sr,S,s3,67.41,-4.06,2.80
SrSe,Sr,Se,s3,76.41,-3.88,2.34
SrTe,Sr,Te,s3,93.61,-3.24,2.26
BaO,Ba,O,s3,54.00,-4.93,2.18
BaS,Ba,S,s3,81.04,-3.96,2.61
BaSe,Ba,Se,s3,90.45,-3.88,2.39
BaTe,Ba,Te,s3,109.24,-3.34,2.00
SnO,Sn,O,s3,40.67,-1.83,1.44
SnS,Sn,S,s3,61.92,-0.64,1.46
SnSe,Sn,Se,s3,69.05,-0.69,1.31
SnTe,Sn,Te,s3,83.15,-0.35,0.87
PbO,Pb,O,s3,44.00,-2.03,2.02
PbS,Pb,S,s3,66.14,-0.95,1.92
PbSe,Pb,Se,s3,73.61,-0.99,1.69
PbTe,Pb,Te,s3,97.35,-0.52,1.46
OZn,O,Zn,s3,24.79,-2.73,0.71
OCd,O,Cd,s3,34.14,-2.08,0.00
OHg,O,Hg,s3,37.39,-0.35,0.00
SZn,S,Zn,s3,40.46,-1.44,2.08
SCd,S,Cd,s3,52.35,-1.30,1.09
SHg,S,Hg,s3,54.10,-0.23,0.00
SeZn,Se,Zn,s3,47.42,-1.24,1.18
SeCd,Se,Cd,s3,59.95,-1.27,0.52
SeHg,Se,Hg,s3,61.79,-0.38,0.00
TeZn,Te,Zn,s3,59.17,-0.75,1.10
TeCd,Te,Cd,s3,72.42,-0.93,0.62
TeHg,Te,Hg,s3,73.77,-0.29,0.00
BN,B,N,s3,11.95,-7.61,6.01
BP,B,P,s3,23.52,-0.78,1.33
BAs,B,As,s3,27.92,0.01,1.26
BSb,B,Sb,s3,36.71,0.78,0.92
BBi,B,Bi,s3,42.41,1.70,0.00
AlN,Al,N,s3,21.31,-8.03,4.03
AlP,Al,P,s3,41.72,-1.20,2.07
AlAs,Al,As,s3,47.10,-0.94,1.64
AlSb,Al,Sb,s3,60.77,-0.29,0.88
AlBi,Al,Bi,s3,67.25,0.22,0.00
GaN,Ga,N,s3,24.13,-6.15,1.62
GaP,Ga,P,s3,42.40,-0.76,1.23
GaAs,Ga,As,s3,47.93,-0.65,0.17
GaSb,Ga,Sb,s3,60.61,-0.27,0.00
GaBi,Ga,Bi,s3,67.40,0.07,0.00
InN,In,N,s3,33.13,-4.98,0.00
InP,In,P,s3,53.99,-0.37,0.45
InAs,In,As,s3,59.95,-0.44,0.00
InSb,In,Sb,s3,73.47,-0.21,0.00
InBi,In,Bi,s3,80.55,0.04,0.00
TlN,Tl,N,s3,38.74,-3.17,0.00
TlP,Tl,P,s3,60.42,0.65,0.00
TlAs,Tl,As,s3,66.57,0.37,0.00
TlSb,Tl,Sb,s3,80.02,0.37,0.00
TlBi,Tl,Bi,s3,86.52,0.45,0.00
CSi,C,Si,s3,21.05,-0.40,2.93
CGe,C,Ge,s3,24.80,0.97,2.40
CSn,C,Sn,s3,32.98,1.64,0.79
SiGe,Si,Ge,s3,44.24,0.14,0.30
SiSn,Si,Sn,s3,56.17,0.38,0.04
GeSn,Ge,Sn,s3,60.53,0.11,0.00
LiAl,Li,Al,s3,46.71,1.14,0.00
NiCo,Ni,Co,s3,28.98,2.68,0.00
AlSc,Al,Sc,s3,59.29,1.23,0.00
CuNi,Cu,Ni,s3,32.24,2.58,0.00
FeNi,Fe,Ni,s3,28.85,3.03,0.00
NiTi,Ni,Ti,s3,35.69,1.10,0.00
AlTi,Al,Ti,s3,47.70,1.67,0.00
AlNi,Al,Ni,s3,38.28,1.26,0.00
CuMg,Cu,Mg,s3,51.30,1.74,0.00
NiMg,Ni,Mg,s3,40.91,1.56,0.00
BeAl,Be,Al,s3,34.55,1.41,0.00
PbSn,Pb,Sn,s3,80.77,0.41,0.00
SnCd,Sn,Cd,s3,66.43,0.40,0.00
CdPb,Cd,Pb,s3,71.89,0.47,0.00
CrNi,Cr,Ni,s3,30.11,2.71,0.00
FeCr,Fe,Cr,s3,28.23,2.34,0.00
NiMo,Ni,Mo,s3,35.26,2.53,0.00
CoMo,Co,Mo,s3,34.00,1.94,0.00
CrW,Cr,W,s3,36.50,3.08,0.00
CrMo,Cr,Mo,s3,38.95,4.17,0.00
SnDy,Sn,Dy,s3,76.34,-0.29,0.00
ScDy,Sc,Dy,s3,78.04,2.65,0.00
CaAl,Ca,Al,s3,88.05,1.69,0.00
BiHf,Bi,Hf,s3,74.21,1.47,0.00
EuGd,Eu,Gd,s3,91.84,2.49,0.00
ScHf,Sc,Hf,s3,64.07,3.39,0.00
SiMo,Si,Mo,s3,37.60,0.59,0.08
SnY,Sn,Y,s3,76.45,-0.37,0.00
NiEr,Ni,Er,s3,49.79,0.45,0.00
SFe,S,Fe,s3,30.24,-0.40,0.00
GdLu,Gd,Lu,s3,87.09,2.52,0.00
HgPr,Hg,Pr,s3,84.99,0.55,0.00
ZnGd,Zn,Gd,s3,68.52,1.36,0.00
InLu,In,Lu,s3,81.87,1.49,0.00
GaI,Ga,I,s3,103.10,-0.55,2.63
BaRh,Ba,Rh,s3,70.01,1.37,0.00
ZnNd,Zn,Nd,s3,73.08,1.29,0.00
NaW,Na,W,s3,71.97,10.30,4.20
BrIr,Br,Ir,s3,35.94,2.09,0.00
InPb,In,Pb,s3,75.71,0.50,0.00
GdYb,Gd,Yb,s3,70.34,0.46,0.00
MgAg,Mg,Ag,s3,59.95,0.85,0.00
AsFe,As,Fe,s3,28.81,0.48,0.00
PbLu,Pb,Lu,s3,74.93,0.21,0.00
AlTm,Al,Tm,s3,74.98,1.96,0.00
TbLu,Tb,Lu,s3,86.56,2.53,0.00
SiV,Si,V,s3,36.03,0.59,0.00
NbOs,Nb,Os,s3,43.26,1.63,0.00
IrCe,Ir,Ce,s3,67.04,0.46,1.26
ZrPr,Zr,Pr,s3,80.06,3.17,0.00
HoEr,Ho,Er,s3,87.43,2.52,0.00
WSm,W,Sm,s3,62.83,4.85,0.00
AuEr,Au,Er,s3,66.67,-0.60,0.00
BeSb,Be,Sb,s3,43.40,0.58,0.00
SnTc,Sn,Tc,s3,48.55,1.88,0.00
BaLu,Ba,Lu,s3,118.88,2.48,0.00
BrRh,Br,Rh,s3,45.93,0.99,0.00
PBr,P,Br,s3,75.14,1.96,0.00
PtPr,Pt,Pr,s3,64.40,-1.42,0.00
CaSi,Ca,Si,s3,78.04,1.51,0.00
ZrPt,Zr,Pt,s3,54.26,-0.53,0.00
NaAl,Na,Al,s3,71.97,-0.98,4.20
MgIn,Mg,In,s3,66.85,0.59,0.00
ClI,Cl,I,s3,93.69,0.03,0.85
PrEu,Pr,Eu,s3,96.28,2.41,0.00
CsIr,Cs,Ir,s3,69.44,4.89,0.00
AlRe,Al,Re,s3,39.35,2.34,0.00
INi,I,Ni,s3,49.23,0.57,0.00
KIn,K,In,s3,88.93,-3.04,4.72
PmLu,Pm,Lu,s3,87.48,2.45,0.00
InPt,In,Pt,s3,56.20,0.11,0.00
KRh,K,Rh,s3,88.93,0.80,4.72
BC,B,C,s3,13.47,0.96,0.00
TiNb,Ti,Nb,s3,46.94,3.26,0.00
BiRe,Bi,Re,s3,59.91,4.06,0.00
YTa,Y,Ta,s3,66.38,4.34,0.00
CuTc,Cu,Tc,s3,35.51,3.63,0.00
VIr,V,Ir,s3,37.56,0.87,0.00
AgEr,Ag,Er,s3,68.50,0.88,0.00
InS,In,S,s3,55.98,-0.70,0.00
CPd,C,Pd,s3,26.22,2.46,0.00
InC,In,C,s3,35.95,2.99,0.00
BeNd,Be,Nd,s3,63.64,2.37,0.00
PSc,P,Sc,s3,46.29,-2.46,0.00
GeHf,Ge,Hf,s3,49.79,-0.44,0.00
RhTm,Rh,Tm,s3,51.22,-0.55,0.33
ClRu,Cl,Ru,s3,31.61,1.19,0.00
SrY,Sr,Y,s3,115.41,2.59,0.00
BeSn,Be,Sn,s3,43.45,1.12,0.00
TlSi,Tl,Si,s3,61.20,1.59,0.00
PbPt,Pb,Pt,s3,59.06,0.30,0.00
HgTb,Hg,Tb,s3,77.19,0.61,0.00
LiF,Li,F,s4,20.78,-5.93,7.64
LiCl,Li,Cl,s4,42.14,-3.68,5.94
LiBr,Li,Br,s4,51.24,-3.15,4.93
LiI,Li,I,s4,66.61,-2.48,4.38
NaF,Na,F,s4,71.69,-2.93,4.19
NaCl,Na,Cl,s4,71.69,-2.88,4.19
NaBr,Na,Br,s4,71.69,-3.08,4.19
NaI,Na,I,s4,71.69,-3.20,4.19
KF,K,F,s4,88.97,-3.78,4.71
KCl,K,Cl,s4,88.97,-3.73,4.71
KBr,K,Br,s4,88.97,-3.94,4.71
KI,K,I,s4,88.97,-4.05,4.71
RbF,Rb,F,s4,102.65,-3.76,4.44
RbCl,Rb,Cl,s4,102.65,-3.72,4.44
RbBr,Rb,Br,s4,102.65,-3.92,4.44
RbI,Rb,I,s4,102.65,-4.03,4.44
CsF,Cs,F,s4,70.60,-5.18,4.67
CsCl,Cs,Cl,s4,119.11,-3.77,4.33
CsBr,Cs,Br,s4,138.97,-3.43,3.95
CsI,Cs,I,s4,165.10,-2.95,3.73
FCu,F,Cu,s4,29.10,-1.28,0.00
FAg,F,Ag,s4,40.55,-1.81,0.22
FAu,F,Au,s4,41.47,-0.18,0.00
ClCu,Cl,Cu,s4,40.30,-0.41,0.51
ClAg,Cl,Ag,s4,55.27,-0.90,1.29
ClAu,Cl,Au,s4,54.59,0.30,0.00
BrCu,Br,Cu,s4,46.87,-0.15,0.44
BrAg,Br,Ag,s4,62.35,-0.73,1.12
BrAu,Br,Au,s4,61.12,0.26,0.00
ICu,I,Cu,s4,56.05,0.05,1.13
IAg,I,Ag,s4,72.43,-0.55,1.34
IAu,I,Au,s4,69.22,0.10,0.00
BeO,Be,O,s4,14.07,-5.53,6.84
BeS,Be,S,s4,28.95,-2.12,3.14
BeSe,Be,Se,s4,34.63,-1.58,2.66
BeTe,Be,Te,s4,45.63,-0.71,2.03
MgO,Mg,O,s4,24.46,-5.27,3.48
MgS,Mg,S,s4,46.20,-2.83,3.37
MgSe,Mg,Se,s4,53.83,-2.50,2.54
MgTe,Mg,Te,s4,68.88,-1.74,2.32
CaO,Ca,O,s4,36.18,-5.60,3.26
CaS,Ca,S,s4,62.74,-3.78,3.63
CaSe,Ca,Se,s4,71.58,-3.53,3.16
CaTe,Ca,Te,s4,90.14,-2.81,3.06
SrO,Sr,O,s4,44.58,-5.20,2.46
SrS,Sr,S,s4,74.21,-3.76,3.03
SrSe,Sr,Se,s4,84.53,-3.58,2.69
SrTe,Sr,Te,s4,105.21,-2.94,2.73
BaO,Ba,O,s4,54.19,-4.88,2.26
BaS,Ba,S,s4,88.56,-3.70,2.74
BaSe,Ba,Se,s4,100.03,-3.60,2.49
BaTe,Ba,Te,s4,121.45,-3.04,2.56
SnO,Sn,O,s4,40.51,-1.74,0.00
SnS,Sn,S,s4,69.15,-0.35,0.15
SnSe,Sn,Se,s4,77.43,-0.42,0.03
SnTe,Sn,Te,s4,94.24,-0.08,0.09
PbO,Pb,O,s4,45.01,-1.93,0.47
PbS,Pb,S,s4,73.06,-0.73,0.83
PbSe,Pb,Se,s4,81.54,-0.78,0.65
PbTe,Pb,Te,s4,99.01,-0.44,0.64
OZn,O,Zn,s4,24.85,-2.72,0.61
OCd,O,Cd,s4,34.06,-2.06,0.00
OHg,O,Hg,s4,37.31,-0.37,0.00
SZn,S,Zn,s4,40.64,-1.46,1.98
SCd,S,Cd,s4,52.31,-1.30,1.03
SHg,S,Hg,s4,54.00,-0.24,0.00
SeZn,Se,Zn,s4,47.31,-1.26,1.14
SeCd,Se,Cd,s4,59.95,-1.28,0.48
SeHg,Se,Hg,s4,61.95,-0.40,0.00
TeZn,Te,Zn,s4,58.97,-0.78,1.07
TeCd,Te,Cd,s4,72.31,-0.95,0.59
TeHg,Te,Hg,s4,73.55,-0.32,0.00
BN,B,N,s4,11.92,-7.65,4.45
BP,B,P,s4,23.55,-0.83,1.25
BAs,B,As,s4,27.98,-0.04,1.21
BSb,B,Sb,s4,36.90,0.74,0.76
BBi,B,Bi,s4,42.59,1.64,0.07
AlN,Al,N,s4,21.37,-7.99,3.31
AlP,Al,P,s4,41.68,-1.23,1.63
AlAs,Al,As,s4,47.07,-0.97,1.50
AlSb,Al,Sb,s4,60.72,-0.32,1.21
AlBi,Al,Bi,s4,67.09,0.17,0.00
GaN,Ga,N,s4,24.16,-6.14,1.46
GaP,Ga,P,s4,42.39,-0.80,1.51
GaAs,Ga,As,s4,47.75,-0.70,0.16
GaSb,Ga,Sb,s4,59.95,-0.33,0.00
GaBi,Ga,Bi,s4,67.18,0.01,0.00
InN,In,N,s4,33.20,-4.97,0.00
InP,In,P,s4,53.98,-0.40,0.38
InAs,In,As,s4,59.95,-0.48,0.00
InSb,In,Sb,s4,73.32,-0.25,0.00
InBi,In,Bi,s4,79.90,-0.01,0.00
TlN,Tl,N,s4,38.74,-3.17,0.00
TlP,Tl,P,s4,59.95,0.61,0.00
TlAs,Tl,As,s4,66.33,0.32,0.00
TlSb,Tl,Sb,s4,80.00,0.32,0.00
TlBi,Tl,Bi,s4,86.44,0.38,0.00
CSi,C,Si,s4,21.01,-0.43,1.37
CGe,C,Ge,s4,24.87,0.94,1.64
CSn,C,Sn,s4,33.14,1.62,0.59
SiGe,Si,Ge,s4,44.21,0.07,0.61
SiSn,Si,Sn,s4,56.24,0.32,0.36
GeSn,Ge,Sn,s4,60.40,0.05,0.00
SnAl,Sn,Al,s4,62.54,0.65,0.00
CuAu,Cu,Au,s4,47.15,1.72,0.00
CuAg,Cu,Ag,s4,47.72,2.24,0.00
AgAu,Ag,Au,s4,60.43,1.29,0.00
SnZn,Sn,Zn,s4,59.10,0.89,0.00
AlZn,Al,Zn,s4,50.60,1.43,0.00
AlGa,Al,Ga,s4,52.70,1.00,0.00
BiSn,Bi,Sn,s4,88.86,0.42,0.00
NiPd,Ni,Pd,s4,40.12,2.62,0.00
NiPt,Ni,Pt,s4,39.87,2.31,0.00
PdPt,Pd,Pt,s4,48.26,2.29,0.00
PdFe,Pd,Fe,s4,37.16,3.04,0.00
PtFe,Pt,Fe,s4,37.60,2.02,0.00
SnSb,Sn,Sb,s4,82.30,0.37,0.00
CeCo,Ce,Co,s4,57.70,1.76,0.17
GaCo,Ga,Co,s4,37.25,1.54,0.00
CeZr,Ce,Zr,s4,72.24,4.06,0.00
NaK,Na,K,s4,71.69,-3.68,4.19
KLi,K,Li,s4,137.81,1.02,0.00
AlV,Al,V,s4,48.18,3.77,0.00
VCr,V,Cr,s4,35.15,4.63,0.00
PbSb,Pb,Sb,s4,89.06,0.44,0.00
RbPb,Rb,Pb,s4,102.65,-1.98,4.44
LiDy,Li,Dy,s4,71.62,2.54,0.00
IIr,I,Ir,s4,53.40,1.95,0.00
PbMo,Pb,Mo,s4,62.35,4.23,0.00
BiLu,Bi,Lu,s4,85.11,-0.52,1.50
GeTe,Ge,Te,s4,77.31,0.29,0.00
BaSm,Ba,Sm,s4,85.80,3.10,0.00
TeFe,Te,Fe,s4,45.39,0.91,0.00
ONb,O,Nb,s4,27.72,-2.61,0.00
TeCu,Te,Cu,s4,51.31,0.31,0.00
PrGd,Pr,Gd,s4,81.29,3.36,0.00
CrNi,Cr,Ni,s4,32.18,3.36,0.00
NiW,Ni,W,s4,38.05,3.67,0.00
COs,C,Os,s4,24.43,1.36,0.15
NEr,N,Er,s4,35.50,-8.31,1.88
NaSm,Na,Sm,s4,71.69,-0.08,4.19
KOs,K,Os,s4,88.97,6.81,4.71
EuTm,Eu,Tm,s4,82.69,3.73,0.00
CsNb,Cs,Nb,s4,62.99,6.37,0.00
BiTb,Bi,Tb,s4,90.12,-0.72,1.33
PbPd,Pb,Pd,s4,59.95,0.34,0.00
RbPr,Rb,Pr,s4,102.65,-0.83,4.44
BiCl,Bi,Cl,s4,81.33,0.67,0.00
NS,N,S,s4,28.82,-1.24,0.00
TiLa,Ti,La,s4,59.04,3.62,0.00
MnMo,Mn,Mo,s4,37.79,3.58,0.00
NY,N,Y,s4,36.73,-8.19,2.05
SeY,Se,Y,s4,65.42,-2.74,0.00
CdYb,Cd,Yb,s4,88.05,0.50,0.00
LiTa,Li,Ta,s4,40.02,5.60,0.00
CAs,C,As,s4,28.39,2.92,0.00
GeSb,Ge,Sb,s4,67.14,0.56,0.00
SW,S,W,s4,37.91,0.92,0.00
NiMo,Ni,Mo,s4,37.70,3.25,0.00
TiTb,Ti,Tb,s4,61.81,4.45,0.00
NbLa,Nb,La,s4,57.84,4.24,0.00
BaSi,Ba,Si,s4,102.57,1.44,0.00
TeEu,Te,Eu,s4,84.54,-1.78,0.00
LiNa,Li,Na,s4,82.15,0.95,0.00
KBa,K,Ba,s4,88.97,-3.67,4.71
LaHo,La,Ho,s4,92.40,3.23,0.00
KEu,K,Eu,s4,88.97,-0.96,4.71
PbTb,Pb,Tb,s4,88.69,0.85,0.00
KTc,K,Tc,s4,88.97,4.79,4.71
CFe,C,Fe,s4,18.99,1.02,0.47
GeZr,Ge,Zr,s4,58.06,0.48,0.11
ZnPm,Zn,Pm,s4,72.08,1.33,0.00
CoNi,Co,Ni,s4,31.06,3.17,0.00
LiPd,Li,Pd,s4,39.41,1.01,0.00
MnAg,Mn,Ag,s4,53.41,2.56,0.00
SbPd,Sb,Pd,s4,54.14,-0.09,0.00
VRh,V,Rh,s4,39.88,1.49,0.00
TiRh,Ti,Rh,s4,43.87,0.75,0.00
LiNd,Li,Nd,s4,75.56,2.34,0.00
SYb,S,Yb,s4,61.53,-3.88,3.22
CrAg,Cr,Ag,s4,43.80,4.66,0.00
PEu,P,Eu,s4,65.08,-2.12,1.49
CsCo,Cs,Co,s4,52.86,4.59,0.00
TeAu,Te,Au,s4,61.58,-0.03,0.00
CuZn,Cu,Zn,s4,43.06,1.83,0.00
TaIr,Ta,Ir,s4,48.21,0.94,0.00
NMo,N,Mo,s4,25.09,-5.43,0.00
GeDy,Ge,Dy,s4,69.38,0.23,0.00
FIr,F,Ir,s4,32.92,2.67,0.00
CdTa,Cd,Ta,s4,58.81,4.69,0.00
BiHg,Bi,Hg,s4,77.01,0.53,0.00
KSc,K,Sc,s4,88.97,0.76,4.71
NbDy,Nb,Dy,s4,62.77,5.25,0.00
MnPt,Mn,Pt,s4,37.69,1.88,0.00
SnPm,Sn,Pm,s4,90.42,0.46,0.00
BaV,Ba,V,s4,67.99,5.35,0.00
TeHf,Te,Hf,s4,67.16,0.44,0.00
TcAu,Tc,Au,s4,47.53,3.51,0.00
IrSm,Ir,Sm,s4,62.47,0.47,0.94
MnEu,Mn,Eu,s5,39.44,1.36,0.00
OsDy,Os,Dy,s5,39.34,0.06,0.00
FHo,F,Ho,s5,35.60,-2.88,0.00
GaTb,Ga,Tb,s5,46.13,-1.16,0.00
TeHg,Te,Hg,s5,55.43,0.51,0.00
CaCr,Ca,Cr,s5,37.24,2.80,0.00
TiCu,Ti,Cu,s5,28.88,0.36,0.00
SiGd,Si,Gd,s5,44.06,-0.96,0.00
RhAg,Rh,Ag,s5,31.43,0.72,0.00
CuTb,Cu,Tb,s5,42.36,-0.10,0.00
SbTc,Sb,Tc,s5,34.64,0.33,0.00
TlTc,Tl,Tc,s5,36.50,1.92,0.00
RuDy,Ru,Dy,s5,39.00,-0.56,0.00
LaHf,La,Hf,s5,56.22,0.59,0.00
PbV,Pb,V,s5,38.53,1.55,0.00
AlLa,Al,La,s5,54.85,-0.70,0.00
NaSb,Na,Sb,s5,51.59,-0.38,2.90
CuW,Cu,W,s5,28.04,1.11,0.00
SiNd,Si,Nd,s5,47.54,-0.86,0.00
ClW,Cl,W,s5,32.07,3.09,0.00
ScOs,Sc,Os,s5,33.31,-0.45,0.00
AsTi,As,Ti,s5,32.44,-1.08,0.00
InSc,In,Sc,s5,45.64,-0.76,0.00
TcRh,Tc,Rh,s5,28.13,-0.17,0.00
YOs,Y,Os,s5,39.51,0.12,0.00
KTe,K,Te,s5,56.13,-2.45,4.81
BiNb,Bi,Nb,s5,43.43,0.69,0.00
CsV,Cs,V,s5,62.31,4.50,0.00
AlFe,Al,Fe,s5,23.46,-0.51,0.00
NFe,N,Fe,s5,15.12,-3.64,0.00
SbBi,Sb,Bi,s5,59.04,0.36,0.00
TlSb,Tl,Sb,s5,60.69,0.10,0.00
AsMo,As,Mo,s5,30.47,-0.06,0.00
MgYb,Mg,Yb,s5,61.38,-0.07,0.00
CoIr,Co,Ir,s5,24.81,0.04,0.00
PLu,P,Lu,s5,39.18,-2.01,0.00
SrAs,Sr,As,s5,55.27,-1.72,0.00
KP,K,P,s5,56.13,-0.18,4.81
NaAu,Na,Au,s5,51.59,-1.30,2.90
RuW,Ru,W,s5,29.83,0.11,0.00
InHo,In,Ho,s5,52.75,-0.91,0.00
NaK,Na,K,s5,51.59,-3.48,2.90
GePm,Ge,Pm,s5,48.89,-1.28,0.00
BiTm,Bi,Tm,s5,57.46,-1.05,0.00
BS,B,S,s5,21.56,3.54,0.00
CRe,C,Re,s5,19.48,2.09,0.00
IPr,I,Pr,s5,60.49,-1.69,0.00
AlSm,Al,Sm,s5,49.71,-0.75,0.00
SeAu,Se,Au,s5,39.89,0.75,0.00
VCe,V,Ce,s5,46.76,1.73,0.00
WYb,W,Yb,s5,37.93,1.62,0.00
BeHg,Be,Hg,s5,31.14,1.20,0.00
LiCl,Li,Cl,s5,35.46,-3.07,4.36
BeTi,Be,Ti,s5,25.19,-0.21,0.00
AsNi,As,Ni,s5,27.86,0.31,0.00
KAu,K,Au,s5,55.74,-2.39,4.86
SbCr,Sb,Cr,s5,32.91,1.10,0.00
DyTm,Dy,Tm,s5,61.12,0.01,0.00
PtDy,Pt,Dy,s5,41.91,-2.29,0.00
PbSm,Pb,Sm,s5,59.03,-0.95,0.00
NaPb,Na,Pb,s5,51.59,-0.95,2.90
TlZr,Tl,Zr,s5,45.64,-0.09,0.00
LiW,Li,W,s5,30.53,1.29,0.00
VPm,V,Pm,s5,44.21,1.60,0.00
SiLa,Si,La,s5,49.77,-0.98,0.00
SeMo,Se,Mo,s5,31.23,0.20,0.00
SbNb,Sb,Nb,s5,39.85,-0.10,0.00
VNd,V,Nd,s5,44.79,1.64,0.00
BPm,B,Pm,s5,36.69,0.77,0.00
PZn,P,Zn,s5,31.13,0.96,0.00
SeCo,Se,Co,s5,27.53,0.60,0.00
ClRh,Cl,Rh,s5,30.77,1.34,0.00
LiP,Li,P,s5,26.99,-0.75,0.00
SrCl,Sr,Cl,s5,61.56,-2.53,0.00
GaC,Ga,C,s5,22.30,3.77,0.00
GeRe,Ge,Re,s5,29.14,0.64,0.00
NiCd,Ni,Cd,s5,30.72,0.39,0.00
RbHg,Rb,Hg,s5,62.91,-5.40,4.80
RhSm,Rh,Sm,s5,42.41,-1.30,0.00
GeRh,Ge,Rh,s5,29.07,-0.60,0.00
GaS,Ga,S,s5,34.80,-0.05,0.00
CSc,C,Sc,s5,23.82,0.86,0.00
TePm,Te,Pm,s5,57.27,-2.60,0.00
CoAu,Co,Au,s5,28.08,0.90,0.00
MgV,Mg,V,s5,33.02,1.01,0.00
SHg,S,Hg,s5,41.62,1.07,0.00
LaLu,La,Lu,s5,66.35,0.07,0.00
PTb,P,Tb,s5,42.29,-2.15,0.00
AuPm,Au,Pm,s5,50.09,-1.58,0.00
CsEu,Cs,Eu,s5,96.58,1.62,0.00
ZrPd,Zr,Pd,s5,36.96,-1.18,0.00
CaRh,Ca,Rh,s5,39.63,-0.39,0.00
AlYb,Al,Yb,s5,49.22,-0.31,0.00
AsPm,As,Pm,s5,49.12,-2.15,0.00
TiIr,Ti,Ir,s5,29.99,-1.62,0.00
CsB,Cs,B,s5,65.17,4.05,0.00
CaLu,Ca,Lu,s5,70.18,0.45,0.00
AsOs,As,Os,s5,29.51,0.96,0.00
AlGa,Al,Ga,s5,35.20,0.10,0.00
CrMo,Cr,Mo,s5,27.36,0.13,0.00
PbSb,Pb,Sb,s5,60.41,0.21,0.00
BeS,Be,S,s5,25.03,0.91,0.00
CaSe,Ca,Se,s5,48.72,-3.36,0.77
SnS,Sn,S,s5,44.17,-0.29,0.00
OZn,O,Zn,s5,19.53,-1.29,0.00
ClAu,Cl,Au,s5,39.96,0.72,0.00
MgSe,Mg,Se,s5,40.76,-1.34,0.00
ClAg,Cl,Ag,s5,39.98,-0.55,0.56
CuAg,Cu,Ag,s5,29.90,0.56,0.00
AgAu,Ag,Au,s5,35.58,-0.11,0.00
SrTe,Sr,Te,s5,68.12,-2.99,0.46
SeCd,Se,Cd,s5,45.12,-0.05,0.00
CsBr,Cs,Br,s5,82.53,-3.50,4.31
CrW,Cr,W,s5,27.52,0.08,0.00
SrSe,Sr,Se,s5,55.86,-3.58,1.35
SeZn,Se,Zn,s5,37.51,0.43,0.00
NaI,Na,I,s5,51.59,-3.00,2.90
CeCo,Ce,Co,s5,40.55,0.59,0.00
CuMg,Cu,Mg,s5,31.34,0.19,0.00
RbTa,Rb,Ta,s6,60.68,8.77,4.89
BW,B,W,s6,22.68,0.26,0.00
ScRe,Sc,Re,s6,34.67,0.51,0.00
ClTi,Cl,Ti,s6,40.30,-0.36,0.00
ZnHo,Zn,Ho,s6,50.19,0.30,0.00
SeRh,Se,Rh,s6,31.52,0.15,0.00
AsZn,As,Zn,s6,37.46,0.33,0.00
CsCu,Cs,Cu,s6,66.97,1.61,0.00
RhTa,Rh,Ta,s6,31.67,-0.94,0.00
ORe,O,Re,s6,22.08,-0.80,0.00
PdEu,Pd,Eu,s6,53.83,-0.72,0.00
ScRu,Sc,Ru,s6,32.98,-0.92,0.00
CoTm,Co,Tm,s6,41.50,0.44,0.00
CoEu,Co,Eu,s6,44.80,0.58,0.00
CEr,C,Er,s6,31.01,0.44,0.00
ReOs,Re,Os,s6,28.46,0.64,0.00
IrLu,Ir,Lu,s6,37.39,-1.88,0.00
BEr,B,Er,s6,32.80,0.36,0.00
CrPr,Cr,Pr,s6,44.23,1.75,0.00
CaCo,Ca,Co,s6,40.23,1.07,0.00
BrLa,Br,La,s6,74.58,-1.92,0.00
SnCr,Sn,Cr,s6,35.40,0.93,0.00
SeRu,Se,Ru,s6,32.83,0.80,0.00
CaZn,Ca,Zn,s6,49.18,-0.28,0.00
ZrNb,Zr,Nb,s6,41.07,0.39,0.00
YHo,Y,Ho,s6,63.41,0.04,0.00
LiPb,Li,Pb,s6,46.25,-0.54,0.00
PbTc,Pb,Tc,s6,37.18,1.62,0.00
FPr,F,Pr,s6,45.95,-4.96,0.00
PbEr,Pb,Er,s6,55.65,-0.74,0.00
CSm,C,Sm,s6,35.12,0.74,0.00
SnBr,Sn,Br,s6,73.51,-0.49,0.00
GeTb,Ge,Tb,s6,54.15,-0.36,0.00
RhRe,Rh,Re,s6,28.60,-0.16,0.00
KMn,K,Mn,s6,54.65,3.61,4.90
VCd,V,Cd,s6,38.58,1.14,0.00
KBi,K,Bi,s6,54.65,-1.67,4.90
PHg,P,Hg,s6,42.21,0.67,0.00
AuTm,Au,Tm,s6,53.27,-0.72,0.00
KO,K,O,s6,54.65,-0.61,4.90
RbAl,Rb,Al,s6,60.68,-1.78,4.89
NiPr,Ni,Pr,s6,48.79,0.40,0.00
LiBi,Li,Bi,s6,50.68,-0.06,0.00
OOs,O,Os,s6,22.09,0.27,0.00
SrZn,Sr,Zn,s6,57.24,-0.13,0.00
NaAs,Na,As,s6,65.23,0.03,3.81
IFe,I,Fe,s6,36.48,2.68,0.00
SbCo,Sb,Co,s6,31.21,0.75,0.00
RuRh,Ru,Rh,s6,27.71,0.10,0.00
CrCu,Cr,Cu,s6,23.48,0.98,0.00
SeSm,Se,Sm,s6,61.14,-2.60,0.00
SnFe,Sn,Fe,s6,30.15,0.81,0.00
PbTm,Pb,Tm,s6,55.59,-0.71,0.00
TlPr,Tl,Pr,s6,60.46,-0.76,0.00
PtTm,Pt,Tm,s6,51.50,-1.35,0.00
BaGe,Ba,Ge,s6,67.08,-0.65,0.00
TlCe,Tl,Ce,s6,62.51,-0.77,0.00
MgNd,Mg,Nd,s6,65.13,0.58,0.00
PmTb,Pm,Tb,s6,66.36,0.01,0.00
PmSm,Pm,Sm,s6,68.09,0.01,0.00
RbOs,Rb,Os,s6,60.68,6.85,4.89
LaPr,La,Pr,s6,72.77,0.03,0.00
LiF,Li,F,s6,24.57,-5.75,6.99
CrMn,Cr,Mn,s6,22.10,0.16,0.00
SbSm,Sb,Sm,s6,69.42,-0.51,0.00
HgTm,Hg,Tm,s6,49.49,-0.98,0.00
IrPm,Ir,Pm,s6,41.76,-0.97,0.00
BeIr,Be,Ir,s6,23.08,-0.33,0.00
ZrPm,Zr,Pm,s6,55.28,0.40,0.00
CeGd,Ce,Gd,s6,69.76,0.02,0.00
LaEu,La,Eu,s6,70.19,0.03,0.00
MoYb,Mo,Yb,s6,53.92,1.26,0.00
ONi,O,Ni,s6,21.83,-0.66,0.00
BaTb,Ba,Tb,s6,84.73,0.64,0.00
SbF,Sb,F,s6,34.73,-1.75,0.00
YNd,Y,Nd,s6,67.09,0.04,0.00
AuEu,Au,Eu,s6,57.43,-0.61,0.00
GaBi,Ga,Bi,s6,56.20,0.08,0.00
SbCd,Sb,Cd,s6,53.79,0.33,0.00
RbYb,Rb,Yb,s6,60.68,-4.07,4.89
AlAu,Al,Au,s6,33.85,-0.54,0.00
PPr,P,Pr,s6,48.46,-2.24,0.00
SeTe,Se,Te,s6,58.68,0.40,0.00
CPb,C,Pb,s6,42.79,3.84,0.00
TlLu,Tl,Lu,s6,52.83,-0.42,0.00
OsPt,Os,Pt,s6,29.61,0.52,0.00
ZnOs,Zn,Os,s6,29.76,1.35,0.00
MoLu,Mo,Lu,s6,50.31,1.09,0.00
NiCe,Ni,Ce,s6,49.80,0.45,0.00
ZrLu,Zr,Lu,s6,51.09,0.18,0.00
TlRe,Tl,Re,s6,37.13,3.03,0.00
RuEu,Ru,Eu,s6,50.21,0.66,0.00
SeEr,Se,Er,s6,55.50,-2.41,0.00
CaCl,Ca,Cl,s6,63.29,-2.71,0.00
NNd,N,Nd,s6,34.98,-7.27,1.21
GaCl,Ga,Cl,s6,48.27,-1.24,1.47
SnLa,Sn,La,s6,60.53,-1.47,0.00
TlGe,Tl,Ge,s6,50.81,0.59,0.00
RbI,Rb,I,s6,60.68,-4.02,4.89
SCd,S,Cd,s6,63.31,-0.39,0.00
PtFe,Pt,Fe,s6,25.60,0.44,0.00
LiAl,Li,Al,s6,30.91,-0.22,0.00
MgMn,Mg,Mn,s6,32.26,0.79,0.00
KCl,K,Cl,s6,54.65,-3.72,4.90
KBr,K,Br,s6,54.65,-3.92,4.90
MgO,Mg,O,s6,27.33,-4.70,2.91
BAs,B,As,s6,35.14,0.95,0.00
PbS,Pb,S,s6,51.17,-0.67,0.00
SeHg,Se,Hg,s6,52.52,0.26,0.00
TeCd,Te,Cd,s6,60.64,0.24,0.00
GaN,Ga,N,s6,27.24,-4.69,0.77
GaCo,Ga,Co,s6,23.71,-0.58,0.00
RbF,Rb,F,s6,60.68,-3.74,4.89
MgTe,Mg,Te,s6,74.06,-1.58,2.59
AlSc,Al,Sc,s6,39.06,-0.79,0.00
VCr,V,Cr,s6,25.21,0.37,0.00
BSb,B,Sb,s6,38.97,1.32,0.00
BiSn,Bi,Sn,s6,63.03,0.08,0.00
AlP,Al,P,s7,34.82,-0.33,0.00
CZr,C,Zr,s7,36.02,-0.60,0.00
CoCe,Co,Ce,s7,49.58,1.21,0.00
CaPm,Ca,Pm,s7,78.48,1.31,0.00
IZr,I,Zr,s7,63.62,-0.30,0.00
RuLa,Ru,La,s7,50.45,1.02,0.00
IrGd,Ir,Gd,s7,51.51,0.00,0.00
IHf,I,Hf,s7,58.73,0.33,0.00
RuHf,Ru,Hf,s7,39.70,-0.10,0.00
SrRu,Sr,Ru,s7,58.20,1.98,0.00
TcGd,Tc,Gd,s7,46.78,2.30,0.00
PbMn,Pb,Mn,s7,42.97,1.44,0.00
ZnYb,Zn,Yb,s7,62.35,0.31,0.00
InCl,In,Cl,s7,68.97,-1.67,1.76
SeZr,Se,Zr,s7,45.57,-1.75,0.00
OHo,O,Ho,s7,34.05,-5.62,0.00
GeZn,Ge,Zn,s7,38.20,0.70,0.00
ZnEu,Zn,Eu,s7,52.55,-0.01,0.00
RhEr,Rh,Er,s7,47.36,-0.52,0.00
AlRh,Al,Rh,s7,32.05,-0.94,0.00
MgNi,Mg,Ni,s7,33.56,0.88,0.00
PdNd,Pd,Nd,s7,60.45,-0.65,0.00
PTm,P,Tm,s7,60.12,-2.52,0.02
RbGd,Rb,Gd,s7,85.57,-0.98,4.42
BaOs,Ba,Os,s7,66.26,2.66,0.00
CsYb,Cs,Yb,s7,171.60,0.90,0.00
FV,F,V,s7,23.38,-3.14,0.00
OEr,O,Er,s7,33.30,-5.65,0.00
NAs,N,As,s7,37.23,-4.48,1.43
AsSb,As,Sb,s7,50.37,0.15,0.00
SOs,S,Os,s7,30.76,0.97,0.00
InPd,In,Pd,s7,42.56,-0.49,0.00
PCl,P,Cl,s7,73.36,1.13,0.00
BeZr,Be,Zr,s7,33.29,0.56,0.00
ZrIr,Zr,Ir,s7,41.07,-1.19,0.00
TiRu,Ti,Ru,s7,34.27,0.00,0.00
NBi,N,Bi,s7,40.96,-3.91,0.72
TeHo,Te,Ho,s7,70.84,-2.41,0.00
IrEr,Ir,Er,s7,48.91,-0.08,0.00
IPd,I,Pd,s7,48.76,0.13,0.00
PbYb,Pb,Yb,s7,76.69,0.13,0.00
YHf,Y,Hf,s7,59.24,1.65,0.00
BeTc,Be,Tc,s7,23.97,0.78,0.00
SrOs,Sr,Os,s7,59.24,2.59,0.00
AlPm,Al,Pm,s7,57.10,0.00,0.00
PIr,P,Ir,s7,31.30,-0.14,0.00
CNi,C,Ni,s7,18.36,2.59,0.00
OEu,O,Eu,s7,37.26,-5.45,0.00
GaHo,Ga,Ho,s7,58.55,0.25,0.00
TlRu,Tl,Ru,s7,42.41,1.73,0.00
TlP,Tl,P,s7,55.99,0.29,0.00
MgOs,Mg,Os,s7,36.91,1.15,0.00
POs,P,Os,s7,28.77,0.01,0.00
SiZr,Si,Zr,s7,40.87,-0.72,0.00
CaTl,Ca,Tl,s7,68.99,-0.30,0.00
NbTc,Nb,Tc,s7,36.18,0.80,0.00
TlOs,Tl,Os,s7,43.89,2.63,0.00
SnNb,Sn,Nb,s7,46.78,0.88,0.00
GeTa,Ge,Ta,s7,39.58,0.75,0.00
LiCu,Li,Cu,s7,32.48,0.99,0.00
TePd,Te,Pd,s7,44.19,-0.42,0.00
NaSr,Na,Sr,s7,68.31,-3.08,4.09
BeBa,Be,Ba,s7,80.42,2.01,0.00
BaBr,Ba,Br,s7,88.40,-2.95,0.00
SbMo,Sb,Mo,s7,43.51,0.69,0.00
STb,S,Tb,s7,50.12,-3.54,0.00
WTb,W,Tb,s7,48.26,3.77,0.00
AsCl,As,Cl,s7,60.18,0.20,0.00
VMo,V,Mo,s7,30.98,0.99,0.00
SrC,Sr,C,s7,48.16,3.16,0.00
MgAs,Mg,As,s7,43.85,-0.54,0.00
KYb,K,Yb,s7,77.16,-4.13,4.54
PmEu,Pm,Eu,s7,69.89,1.34,0.00
TeTi,Te,Ti,s7,45.92,-0.45,0.00
MoPm,Mo,Pm,s7,50.11,3.10,0.00
SnAg,Sn,Ag,s7,49.52,0.32,0.00
CaMn,Ca,Mn,s7,57.25,1.70,0.00
BFe,B,Fe,s7,17.21,0.37,0.00
GaLu,Ga,Lu,s7,49.20,-0.45,0.00
FeHo,Fe,Ho,s7,41.99,2.15,0.00
SbSe,Sb,Se,s7,54.29,-0.14,0.00
BiYb,Bi,Yb,s7,110.99,-0.16,0.00
MgW,Mg,W,s7,42.25,3.04,0.00
LiCr,Li,Cr,s7,32.36,1.91,0.00
KCd,K,Cd,s7,77.24,-4.87,4.53
SbI,Sb,I,s7,79.51,0.16,0.00
NZr,N,Zr,s7,29.61,-8.00,0.00
GeAs,Ge,As,s7,43.40,0.28,0.00
ErLu,Er,Lu,s7,67.16,1.64,0.00
AgHg,Ag,Hg,s7,48.93,0.49,0.00
NaGd,Na,Gd,s7,72.30,-0.13,4.10
SiHf,Si,Hf,s7,39.65,-0.50,0.00
NaPt,Na,Pt,s7,68.31,1.35,4.09
GaZn,Ga,Zn,s7,38.99,0.48,0.00
CGe,C,Ge,s7,23.50,2.84,0.00
BaO,Ba,O,s7,50.28,-4.66,1.81
AlN,Al,N,s7,23.65,-7.12,2.71
SnCd,Sn,Cd,s7,56.21,0.31,0.00
TlSb,Tl,Sb,s7,69.73,0.26,0.00
SZn,S,Zn,s7,45.05,-0.73,0.55
InAs,In,As,s7,49.51,-0.04,0.00
CaO,Ca,O,s7,36.04,-5.49,2.13
CuAu,Cu,Au,s7,36.25,0.97,0.00
AlBi,Al,Bi,s7,56.46,0.56,0.00
IAu,I,Au,s7,59.37,0.33,0.00
LiI,Li,I,s7,66.65,-2.36,3.98
SrO,Sr,O,s7,43.35,-5.05,1.72
GaSb,Ga,Sb,s7,52.90,0.11,0.00
SnSb,Sn,Sb,s7,59.31,0.03,0.00
AlV,Al,V,s7,33.62,1.41,0.00
BP,B,P,s7,21.90,1.37,0.00
NaBr,Na,Br,s7,72.57,-3.08,4.12
PbTe,Pb,Te,s7,88.08,-0.21,0.00
PTa,P,Ta,s8,30.31,-1.15,0.00
ClPm,Cl,Pm,s8,52.39,-2.77,0.03
CaDy,Ca,Dy,s8,70.59,0.32,0.00
SmYb,Sm,Yb,s8,70.20,0.19,0.00
NaHo,Na,Ho,s8,54.11,-0.30,3.99
PHf,P,Hf,s8,36.18,-2.23,0.00
LiSc,Li,Sc,s8,43.49,0.73,0.00
CsZn,Cs,Zn,s8,96.86,0.41,0.00
NSc,N,Sc,s8,23.04,-8.97,0.00
MgAu,Mg,Au,s8,36.73,-1.09,0.00
TeCl,Te,Cl,s8,63.68,-0.28,0.00
MgZn,Mg,Zn,s8,36.06,0.02,0.00
NAu,N,Au,s8,25.12,-1.89,0.00
LiPt,Li,Pt,s8,27.82,-0.77,0.00
CZn,C,Zn,s8,26.08,1.35,0.00
OPm,O,Pm,s8,31.16,-5.54,0.00
MgBr,Mg,Br,s8,54.45,-1.82,0.00
KW,K,W,s8,65.00,9.26,5.02
GaCu,Ga,Cu,s8,28.88,0.33,0.00
CaYb,Ca,Yb,s8,82.69,0.04,0.00
NaSc,Na,Sc,s8,54.17,1.53,3.98
NaOs,Na,Os,s8,54.15,7.58,3.98
AlGd,Al,Gd,s8,51.95,-0.75,0.00
CTe,C,Te,s8,44.68,1.49,0.00
BZr,B,Zr,s8,27.02,-1.36,0.00
KC,K,C,s8,65.01,3.46,5.02
InN,In,N,s8,26.34,-4.69,0.00
GaSc,Ga,Sc,s8,40.40,-1.09,0.00
NaC,Na,C,s8,54.15,4.42,3.98
AuPr,Au,Pr,s8,52.44,-1.52,0.00
SRu,S,Ru,s8,29.26,-0.09,0.00
TcOs,Tc,Os,s8,28.61,0.11,0.00
BiZn,Bi,Zn,s8,51.02,0.42,0.00
BY,B,Y,s8,35.87,-0.71,0.00
GaAg,Ga,Ag,s8,36.89,0.08,0.00
OYb,O,Yb,s8,26.04,-6.45,3.24
LiCe,Li,Ce,s8,56.19,0.27,0.00
PAu,P,Au,s8,36.07,0.55,0.00
NiSm,Ni,Sm,s8,42.69,-0.44,0.00
BeTb,Be,Tb,s8,39.49,0.03,0.00
LiSr,Li,Sr,s8,78.03,0.05,0.00
ZrHg,Zr,Hg,s8,43.82,-0.24,0.00
PdAu,Pd,Au,s8,45.69,0.52,0.00
ITm,I,Tm,s8,61.80,-1.17,0.00
ZnNb,Zn,Nb,s8,33.23,0.44,0.00
SbO,Sb,O,s8,40.64,-1.86,0.00
LiOs,Li,Os,s8,27.37,0.38,0.00
PtTb,Pt,Tb,s8,47.48,-2.26,0.00
ClMo,Cl,Mo,s8,33.73,1.10,0.00
TlTi,Tl,Ti,s8,42.76,0.73,0.00
SiIr,Si,Ir,s8,28.11,-0.83,0.00
BiNd,Bi,Nd,s8,69.20,-1.91,0.00
SrS,Sr,S,s8,64.90,-4.05,2.76
PCe,P,Ce,s8,54.14,-3.00,0.00
TiPt,Ti,Pt,s8,31.40,-1.75,0.00
AlW,Al,W,s8,30.94,-0.02,0.00
FeOs,Fe,Os,s8,24.76,0.44,0.00
VCr,V,Cr,s8,24.64,-0.03,0.00
FPm,F,Pm,s8,37.89,-4.68,0.00
SEr,S,Er,s8,41.16,-3.87,0.00
LiZn,Li,Zn,s8,29.73,-0.25,0.00
NaTm,Na,Tm,s8,54.15,-0.35,3.98
LiCo,Li,Co,s8,20.68,1.09,0.00
SnTe,Sn,Te,s8,64.41,-0.52,0.19
TeZn,Te,Zn,s8,63.22,-0.57,1.12
BaSe,Ba,Se,s8,74.63,-4.10,1.95
PdFe,Pd,Fe,s8,27.60,0.10,0.00
BeSe,Be,Se,s8,48.36,-1.13,3.38
MgS,Mg,S,s8,35.61,-2.77,3.34
NaCl,Na,Cl,s8,52.23,-2.89,3.86
TeHg,Te,Hg,s8,84.70,-0.17,0.23
NaK,Na,K,s8,54.17,-3.76,4.00
TlP,Tl,P,s8,47.82,0.87,0.00
SiGe,Si,Ge,s8,35.48,0.77,0.00
InN,In,N,s8,26.34,-4.69,0.00
FeNi,Fe,Ni,s8,20.87,0.71,0.00
NiMo,Ni,Mo,s8,26.51,0.42,0.00
InP,In,P,s8,42.85,0.04,0.00
BaTe,Ba,Te,s8,89.06,-3.59,1.60
PdPt,Pd,Pt,s8,30.62,-0.03,0.00
NiPd,Ni,Pd,s8,26.59,0.42,0.00
LiBr,Li,Br,s8,41.13,-3.05,4.88
AgAu,Ag,Au,s8,35.75,-0.11,0.00
AlGa,Al,Ga,s8,36.54,0.16,0.00
CsF,Cs,F,s8,56.38,-5.29,5.28
TlN,Tl,N,s8,31.20,-2.89,0.00
CuMg,Cu,Mg,s8,31.44,0.19,0.00
GaP,Ga,P,s8,39.86,-0.04,0.00
NaK,Na,K,s8,54.17,-3.76,4.00
AlP,Al,P,s8,32.50,-0.70,0.00
RbCl,Rb,Cl,s8,75.28,-3.90,4.82
GaAs,Ga,As,s8,45.19,-0.08,0.00
FCu,F,Cu,s8,23.11,-1.34,0.00
InDy,In,Dy,s9,55.47,-0.84,0.00
BeTm,Be,Tm,s9,39.05,0.13,0.00
GeSn,Ge,Sn,s9,48.53,0.33,0.00
RuCe,Ru,Ce,s9,52.41,-0.10,0.00
AlSn,Al,Sn,s9,46.69,0.29,0.00
ClCu,Cl,Cu,s9,39.85,-0.07,0.36
NiHf,Ni,Hf,s9,32.62,-0.73,0.00
VMn,V,Mn,s9,23.80,-0.25,0.00
CaMo,Ca,Mo,s9,51.81,1.19,0.00
CuDy,Cu,Dy,s9,43.15,-0.16,0.00
MoW,Mo,W,s9,32.69,0.77,0.00
BiS,Bi,S,s9,50.79,-0.23,0.00
BeIn,Be,In,s9,34.12,0.70,0.00
SiS,Si,S,s9,36.58,0.02,0.00
OsGd,Os,Gd,s9,48.43,-0.29,0.00
OsCe,Os,Ce,s9,53.40,0.05,0.00
TlY,Tl,Y,s9,57.64,-0.67,0.00
SHf,S,Hf,s9,41.91,-2.39,0.00
NRu,N,Ru,s9,20.42,-3.94,0.00
BePb,Be,Pb,s9,40.34,1.00,0.00
BrW,Br,W,s9,42.40,1.80,0.00
NbCe,Nb,Ce,s9,56.23,0.96,0.00
BeGe,Be,Ge,s9,27.26,0.64,0.00
NaMn,Na,Mn,s9,60.53,4.43,3.87
SnSm,Sn,Sm,s9,58.72,-1.53,0.00
RbI,Rb,I,s9,70.64,-4.13,4.67
KAl,K,Al,s9,62.20,-1.91,4.76
PmHo,Pm,Ho,s9,65.98,0.05,0.00
InZn,In,Zn,s9,44.24,0.25,0.00
HgCe,Hg,Ce,s9,60.50,-0.88,0.00
BaCe,Ba,Ce,s9,94.23,0.36,0.00
MoRe,Mo,Re,s9,31.22,0.43,0.00
SGd,S,Gd,s9,45.62,-3.67,0.00
AlO,Al,O,s9,19.89,-3.95,0.00
SnRh,Sn,Rh,s9,35.92,-0.78,0.00
LiHg,Li,Hg,s9,39.97,-0.64,0.00
NbTa,Nb,Ta,s9,38.07,0.71,0.00
RbCe,Rb,Ce,s9,70.64,-0.92,4.67
GeS,Ge,S,s9,42.06,-0.45,0.59
ClDy,Cl,Dy,s9,46.19,-2.28,0.00
LaAu,La,Au,s9,56.13,-1.68,0.00
PGd,P,Gd,s9,45.49,-2.75,0.00
NaGe,Na,Ge,s9,60.53,-0.23,3.87
GaW,Ga,W,s9,33.50,0.96,0.00
MgTa,Mg,Ta,s9,41.00,1.12,0.00
NdSm,Nd,Sm,s9,69.38,0.06,0.00
HfGd,Hf,Gd,s9,54.17,0.87,0.00
TiPr,Ti,Pr,s9,52.16,1.11,0.00
KSm,K,Sm,s9,62.20,-1.02,4.76
CLa,C,La,s9,39.31,0.94,0.00
SrYb,Sr,Yb,s9,96.74,0.10,0.00
SrSn,Sr,Sn,s9,70.91,-1.35,0.00
BeOs,Be,Os,s9,21.73,-0.27,0.00
MgGd,Mg,Gd,s9,56.27,0.17,0.00
SiAu,Si,Au,s9,35.17,0.31,0.00
SrW,Sr,W,s9,59.46,2.00,0.00
RuNd,Ru,Nd,s9,50.36,-0.22,0.00
AlCu,Al,Cu,s9,27.59,0.02,0.00
InF,In,F,s9,39.15,-3.40,0.23
CaP,Ca,P,s9,44.25,-1.61,0.00
PdHo,Pd,Ho,s9,44.32,-1.87,0.00
CaAg,Ca,Ag,s9,54.86,-0.67,0.00
RbHf,Rb,Hf,s9,70.64,7.10,4.67
RbB,Rb,B,s9,70.64,1.05,4.67
LiBa,Li,Ba,s9,89.47,0.08,0.00
ScSm,Sc,Sm,s9,57.68,0.29,0.00
BiAg,Bi,Ag,s9,49.80,0.14,0.00
CsLu,Cs,Lu,s9,116.03,1.51,0.00
GaPb,Ga,Pb,s9,52.24,0.11,0.00
CrZr,Cr,Zr,s9,35.42,0.48,0.00
SrHf,Sr,Hf,s9,67.57,1.18,0.00
NiGd,Ni,Gd,s9,41.18,-0.56,0.00
SiBi,Si,Bi,s9,55.77,0.94,0.00
SbSc,Sb,Sc,s9,49.21,-1.48,0.00
CuZr,Cu,Zr,s9,35.25,0.09,0.00
BaTc,Ba,Tc,s9,67.07,1.28,0.00
NiMg,Ni,Mg,s9,31.53,0.20,0.00
SrS,Sr,S,s9,54.27,-3.95,2.33
SnAl,Sn,Al,s9,46.69,0.29,0.00
CeZr,Ce,Zr,s9,59.21,0.85,0.00
ICu,I,Cu,s9,62.54,0.48,0.69
FAu,F,Au,s9,28.59,-0.85,0.00
AlNi,Al,Ni,s9,25.14,-0.69,0.00
IAg,I,Ag,s9,65.46,-0.32,0.92
NaF,Na,F,s9,60.53,-2.93,3.87
CdPb,Cd,Pb,s9,56.77,0.06,0.00
BeAl,Be,Al,s9,25.16,0.25,0.00
ClCu,Cl,Cu,s9,39.85,-0.07,0.36
InBi,In,Bi,s9,63.78,0.07,0.00
PbSn,Pb,Sn,s9,59.88,0.09,0.00
AlSc,Al,Sc,s9,40.51,-0.73,0.00
LiCl,Li,Cl,s9,39.85,-3.57,5.73
CSn,C,Sn,s9,31.24,2.98,0.00
PdIr,Pd,Ir,s9,32.75,0.99,0.00
PTc,P,Tc,s9,28.18,-0.75,0.00
WRe,W,Re,s9,30.90,1.07,0.00
CuNb,Cu,Nb,s9,30.25,0.51,0.00
NaRh,Na,Rh,s9,60.11,1.65,3.89
LiRe,Li,Re,s9,29.39,0.44,0.00
FeCd,Fe,Cd,s9,32.70,0.73,0.00
BIn,B,In,s9,36.20,0.76,0.00
CdIr,Cd,Ir,s9,41.41,0.78,0.00
CuNi,Cu,Ni,s9,22.75,0.74,0.00
CoMo,Co,Mo,s9,26.09,0.15,0.00
TeMn,Te,Mn,s9,36.92,0.57,0.00
SiPb,Si,Pb,s9,49.77,0.63,0.00
CrRh,Cr,Rh,s9,25.72,-0.08,0.00
ScGd,Sc,Gd,s10,57.29,0.17,0.00
CuAg,Cu,Ag,s10,29.92,0.57,0.00
VCo,V,Co,s10,23.49,-0.05,0.00
AsDy,As,Dy,s10,47.82,-2.40,0.00
SnF,Sn,F,s10,44.71,-3.13,0.14
BaF,Ba,F,s10,46.33,-4.50,0.00
PV,P,V,s10,26.49,-1.16,0.00
PrTm,Pr,Tm,s10,66.86,0.02,0.00
BeSc,Be,Sc,s10,31.91,0.11,0.00
InLa,In,La,s10,66.02,-0.96,0.00
CaI,Ca,I,s10,75.86,-1.79,0.00
CTi,C,Ti,s10,19.53,-0.81,0.00
FeHf,Fe,Hf,s10,31.26,-0.08,0.00
SV,S,V,s10,26.84,-1.09,0.00
NaAg,Na,Ag,s10,56.27,-1.95,3.62
SiOs,Si,Os,s10,27.88,-0.15,0.00
SiPt,Si,Pt,s10,31.40,-0.81,0.00
AlAg,Al,Ag,s10,35.46,0.07,0.00
RuTm,Ru,Tm,s10,39.62,-0.53,0.00
RbZn,Rb,Zn,s10,66.87,-4.28,4.73
BeAs,Be,As,s10,28.81,0.62,0.00
HfSm,Hf,Sm,s10,54.26,0.44,0.00
SbDy,Sb,Dy,s10,56.37,-1.77,0.00
InCe,In,Ce,s10,65.11,-0.93,0.00
NaBe,Na,Be,s10,56.27,-0.90,3.62
ReGd,Re,Gd,s10,44.72,0.36,0.00
BaNd,Ba,Nd,s10,90.79,0.43,0.00
CTb,C,Tb,s10,30.22,-0.10,0.00
CsAu,Cs,Au,s10,86.12,-0.52,0.97
BaTm,Ba,Tm,s10,83.42,0.59,0.00
RbPt,Rb,Pt,s10,66.87,0.52,4.73
RbN,Rb,N,s10,66.87,-2.42,4.73
AuDy,Au,Dy,s10,48.35,-1.71,0.00
PCd,P,Cd,s10,41.99,0.26,0.00
BaTi,Ba,Ti,s10,71.13,1.37,0.00
SCl,S,Cl,s10,88.76,-0.30,2.73
VRu,V,Ru,s10,27.22,-0.29,0.00
SCo,S,Co,s10,34.81,-0.21,0.00
RbFe,Rb,Fe,s10,69.65,2.84,4.65
TiYb,Ti,Yb,s10,51.48,1.01,0.00
KMg,K,Mg,s10,59.43,-4.05,4.90
HgNd,Hg,Nd,s10,57.78,-0.72,0.00
AlSb,Al,Sb,s10,46.31,0.27,0.00
STa,S,Ta,s10,33.25,-0.62,0.00
NbEr,Nb,Er,s10,47.37,0.57,0.00
OsLu,Os,Lu,s10,40.10,-0.25,0.00
TlSm,Tl,Sm,s10,60.91,-0.66,0.00
BeBr,Be,Br,s10,44.23,-0.33,0.99
IHo,I,Ho,s10,61.05,-1.24,0.00
ClTb,Cl,Tb,s10,46.58,-2.56,0.00
RbCu,Rb,Cu,s10,66.87,-1.45,4.73
AgCd,Ag,Cd,s10,39.02,-0.12,0.00
RbMn,Rb,Mn,s10,66.87,3.61,4.73
SrZr,Sr,Zr,s10,68.91,1.03,0.00
MoRu,Mo,Ru,s10,29.66,0.13,0.00
SNi,S,Ni,s10,39.30,-0.01,0.05
CV,C,V,s10,18.11,0.06,0.00
SeNb,Se,Nb,s10,43.07,-1.04,0.00
ClHo,Cl,Ho,s10,45.69,-2.46,0.00
GeTm,Ge,Tm,s10,44.25,-1.66,0.00
InSn,In,Sn,s10,56.40,0.12,0.00
ClRe,Cl,Re,s10,48.54,0.31,0.73
TcLa,Tc,La,s10,48.54,0.31,0.00
OY,O,Y,s10,29.65,-5.28,0.00
BrLu,Br,Lu,s10,50.44,-1.66,0.00
CsBr,Cs,Br,s10,89.48,-3.46,4.20
VGd,V,Gd,s10,45.97,0.82,0.00
MnYb,Mn,Yb,s10,38.80,0.97,0.00
EuEr,Eu,Er,s10,64.48,-0.01,0.00
CoYb,Co,Yb,s10,36.29,0.15,0.00
EuYb,Eu,Yb,s10,70.31,0.18,0.00
TcEu,Tc,Eu,s10,44.74,0.17,0.00
CrEu,Cr,Eu,s10,43.41,0.97,0.00
BrNi,Br,Ni,s10,55.28,0.10,0.00
IrTb,Ir,Tb,s10,43.22,-1.29,0.00
NaTb,Na,Tb,s10,56.27,-0.11,3.62
BaPt,Ba,Pt,s10,57.87,-0.63,0.00
MgY,Mg,Y,s10,55.96,-0.02,0.00
CsHf,Cs,Hf,s10,90.91,2.26,0.00
FHf,F,Hf,s10,31.71,-3.56,0.00
MnTm,Mn,Tm,s10,38.28,0.36,0.00
MoPt,Mo,Pt,s10,30.87,-0.46,0.00
AlCo,Al,Co,s10,24.16,-0.68,0.00
ClSc,Cl,Sc,s10,38.60,-2.20,0.00
MgBa,Mg,Ba,s10,83.98,0.03,0.00
GeSe,Ge,Se,s10,49.75,-0.31,0.19
YLu,Y,Lu,s10,61.93,0.02,0.00
BBi,B,Bi,s10,41.10,1.94,0.00
InSb,In,Sb,s10,58.75,0.09,0.00
SnSb,Sn,Sb,s10,61.05,0.15,0.00
RbBr,Rb,Br,s10,66.90,-3.91,4.74
AlSb,Al,Sb,s10,46.31,0.27,0.00
LiF,Li,F,s10,18.45,-5.71,7.58
BrCu,Br,Cu,s10,56.06,-0.10,1.03
CsCl,Cs,Cl,s10,81.23,-3.84,4.79
CuAg,Cu,Ag,s10,29.92,0.57,0.00
NiMo,Ni,Mo,s10,26.64,0.43,0.00
CdPb,Cd,Pb,s10,58.46,0.15,0.00
PtFe,Pt,Fe,s10,26.33,0.52,0.00
TlBi,Tl,Bi,s10,67.15,0.07,0.00
NiPt,Ni,Pt,s10,26.58,0.31,0.00
BeO,Be,O,s10,16.76,-4.49,5.18
KF,K,F,s10,59.43,-3.78,4.90
BaS,Ba,S,s10,62.08,-3.75,1.93
SnO,Sn,O,s10,35.69,-2.20,0.81
CaS,Ca,S,s10,45.74,-3.78,2.15
KLi,K,Li,s10,87.19,0.30,0.00
NiRh,Ni,Rh,s10,25.08,0.47,0.00
CAu,C,Au,s10,46.59,2.04,0.00
BrNd,Br,Nd,s10,84.42,-2.11,0.00
CoRh,Co,Rh,s10,24.46,0.34,0.00
NMn,N,Mn,s10,16.91,-5.58,0.00
SrIr,Sr,Ir,s10,47.77,0.49,0.00
TlC,Tl,C,s10,54.03,1.89,1.73
SrMn,Sr,Mn,s10,52.34,1.53,0.00
TiMn,Ti,Mn,s10,27.02,-0.09,0.00
SrCo,Sr,Co,s10,41.57,1.21,0.00